Player,GP,PTS,+/-,PIM,S,TOI,BLK,HIT
Justin Abdelkader\abdelju01,71,19,-14,38,95,1093,34,185
Pontus Aberg\abergpo01,59,25,-14,20,101,861,11,45
Vitaly Abramov\abramvi01,1,0,-3,0,0,14,1,0
Noel Acciari\acciano01,72,14,-3,47,99,935,36,221
Kenny Agostino\agostke01,63,24,-3,34,79,814,14,143
Andrew Agozzino\agozzan01,11,2,2,0,11,86,3,14
Sebastian Aho\ahose01,82,83,25,26,243,1652,34,65
Mark Alt\altma01,2,0,0,0,2,20,2,0
Karl Alzner\alzneka01,9,1,1,2,8,156,10,13
Michael Amadio\amadimi01,43,13,-1,6,37,439,13,16
Joey Anderson\anderjo08,34,7,-7,6,49,439,11,42
Josh Anderson\anderjo05,82,47,25,60,230,1396,40,214
Jaret Anderson-Dolan\anderja01,5,1,-2,0,6,58,2,5
Lias Andersson\anderli01,42,6,-13,29,41,450,8,60
Rasmus Andersson\anderra01,79,19,17,23,115,1267,83,52
Sven Andrighetto\andrisv01,64,17,10,14,95,708,32,29
Artem Anisimov\anisiar01,78,37,-2,14,142,1275,33,25
Mason Appleton\applema01,36,10,9,4,29,295,12,28
Darren Archibald\archida02,12,2,-3,12,10,89,4,10
Josh Archibald\archijo01,68,22,1,15,92,923,39,161
Joel Armia\armiajo01,57,23,0,14,134,900,21,113
Viktor Arvidsson\arvidvi01,58,48,12,26,195,1110,23,18
Zach Aston-Reese\astonza01,43,17,12,26,76,587,37,138
Andreas Athanasiou\athanan01,76,54,-9,38,216,1290,26,33
Cam Atkinson\atkinca01,80,69,3,20,295,1550,25,27
Nicolas Aube-Kubel\aubekni01,9,0,1,0,2,50,0,14
David Backes\backeda01,70,20,0,31,129,913,30,140
Mikael Backlund\backlmi01,77,47,34,52,205,1378,26,52
Nicklas Backstrom\backsni02,80,74,2,30,169,1596,30,54
Sven Baertschi\baertsv01,26,14,-9,6,43,394,13,18
Josh Bailey\bailejo01,82,56,8,21,126,1380,32,19
Justin Bailey\baileju01,11,1,0,2,5,63,5,9
Rudolfs Balcers\balceru01,36,14,-7,10,48,445,24,18
Ivan Barbashev\barbaiv01,80,26,-4,17,60,921,31,86
Mark Barberio\barbema01,12,1,-6,4,11,183,14,13
Aleksander Barkov\barkoal01,82,96,-3,8,206,1833,61,28
Tyson Barrie\barrity01,78,59,-3,36,218,1699,93,48
Matt Bartkowski\bartkma01,2,1,2,0,2,21,1,1
Mathew Barzal\barzama01,82,62,-5,46,179,1470,56,25
Nathan Bastian\bastina01,7,3,0,10,13,89,1,24
Drake Batherson\bathedr01,20,9,-2,6,18,268,21,17
Gavin Bayreuther\bayrega01,19,5,2,10,25,346,19,11
Jay Beagle\beaglja01,57,13,-8,18,45,778,33,102
Jake Bean\beanja01,2,0,0,2,1,17,0,1
Nathan Beaulieu\beaulna01,48,12,6,39,60,744,42,60
Anthony Beauvillier\beauvan01,81,28,1,8,156,1186,35,87
Matt Beleskey\belesma01,4,1,1,5,3,29,1,7
Pierre-Edouard Bellemare\bellepi01,76,15,2,6,108,945,51,71
Louis Belpedio\belpelo01,2,0,0,0,0,26,4,1
Jamie Benn\bennja01,78,53,14,56,189,1422,71,142
Jordie Benn\bennjo01,81,22,15,39,93,1474,128,124
Sam Bennett\bennesa01,71,27,-6,93,115,944,27,121
Matt Benning\bennima01,70,17,11,33,94,1046,59,109
Patrice Bergeron\bergepa01,65,79,23,30,205,1200,60,43
Patrik Berglund\berglpa01,23,4,-5,6,25,300,16,25
Tyler Bertuzzi\bertuty01,73,47,11,36,131,1206,39,76
Alex Biega\biegaal01,41,16,0,22,91,725,43,101
Clark Bishop\bishocl01,20,3,-3,6,16,189,5,39
Anthony Bitetto\bitetan01,36,3,-7,12,30,429,36,80
Anders Bjork\bjorkan01,20,3,-1,2,18,236,12,9
Oliver Bjorkstrand\bjorkol01,77,36,8,8,161,950,34,43
Nick Bjugstad\bjugsni01,64,26,6,30,154,968,27,126
Colin Blackwell\blackco01,6,0,-1,2,5,58,3,10
Sammy Blais\blaissa01,32,4,-1,6,27,315,12,93
Joseph Blandisi\blandjo01,9,0,-1,6,8,67,1,10
Anton Blidh\blidhan01,1,0,0,0,0,14,1,6
Teddy Blueger\bluegte01,28,10,7,15,33,310,14,52
Mikkel Boedker\boedkmi01,71,35,-23,6,88,996,28,54
Brock Boeser\boesebr01,69,56,-2,22,209,1322,22,14
Zach Bogosian\bogosza01,65,19,-5,52,93,1406,116,83
Nick Bonino\boninni01,81,35,27,18,118,1321,70,24
William Borgen\borgewi01,4,0,-5,0,2,66,3,12
Henrik Borgström\borgshe01,50,18,-14,4,54,600,12,11
Mark Borowiecki\borowma01,53,5,-12,89,59,825,93,212
Robert Bortuzzo\borturo01,59,10,9,47,75,913,72,95
Evan Bouchard\bouchev01,7,1,-5,2,10,86,8,6
Reid Boucher\bouchre01,1,0,0,0,0,5,0,1
Gabriel Bourque\bourqga01,55,8,3,10,34,536,48,100
Jay Bouwmeester\bouwmja01,78,17,-3,40,82,1617,127,61
Madison Bowey\boweyma01,50,10,-1,46,48,763,63,72
Johnny Boychuk\boychjo01,74,19,10,25,157,1393,120,144
Travis Boyd\boydtr01,53,20,6,6,35,521,21,13
Brian Boyle\boylebr01,73,24,-14,38,123,981,50,145
Tyler Bozak\bozakty01,72,38,-3,20,141,1177,33,52
Erik Brannstrom\branner01,2,0,0,0,0,36,1,1
Derick Brassard\brassde01,70,23,-19,39,110,1050,15,102
Jesper Bratt\brattje01,51,33,-8,6,91,774,22,36
Justin Braun\braunju01,78,16,-14,35,105,1584,120,121
Connor Brickley\brickco01,14,4,3,9,18,126,6,35
Daniel Brickley\brickda01,4,1,-2,0,2,51,4,5
Guillaume Brisebois\brisegu01,8,0,-4,0,5,88,7,3
T.J. Brodie\broditj01,79,34,29,24,102,1696,86,21
Jonas Brodin\brodijo01,82,18,-15,30,111,1685,135,61
Kyle Brodziak\brodzky01,70,9,-14,33,74,818,46,92
Jonny Brodzinski\brodzjo01,13,3,0,2,17,129,7,23
Troy Brouwer\brouwtr01,75,21,-6,47,86,952,38,177
Connor Brown\brownco02,82,29,11,16,85,1131,37,35
Dustin Brown\browndu01,72,51,-17,24,180,1469,29,150
J.T. Brown\brownjt01,56,8,0,29,56,514,16,99
Josh Brown\brownjo01,37,2,-3,28,28,492,31,80
Logan Brown\brownlo01,2,0,-2,0,2,21,1,0
Pavel Buchnevich\buchnpa01,64,38,-10,13,119,971,20,60
Michael Bunting\buntimi01,5,1,0,2,5,48,1,6
Andre Burakovsky\burakan01,76,25,2,14,100,846,29,35
Erik Burgdoerfer\burgder01,4,0,-1,2,2,43,0,16
Brent Burns\burnsbr01,82,83,13,34,300,2058,105,90
Will Butcher\butchwi01,78,30,-17,18,108,1503,74,38
Chris Butler\butlech01,13,2,3,0,10,183,17,17
Dustin Byfuglien\byfugdu01,42,31,4,69,115,1023,51,77
Paul Byron\byronpa01,56,31,16,17,94,816,36,114
Drake Caggiula\caggidr01,55,23,-5,28,96,794,26,135
Ryan Callahan\callary01,52,17,7,14,76,579,25,89
Matt Calvert\calvema01,82,26,-10,58,141,1164,51,115
Kyle Capobianco\capobky01,2,0,-2,0,1,32,2,2
Paul Carey\careypa01,7,0,0,0,4,75,3,3
Brandon Carlo\carlobr01,72,10,22,47,116,1506,88,134
John Carlson\carlsjo01,80,70,21,34,185,2005,164,54
Gabriel Carlsson\carlsga01,1,0,-1,2,1,9,0,0
Ryan Carpenter\carpery01,68,18,-6,8,102,858,17,126
Daniel Carr\carrda01,6,1,-1,0,11,59,3,9
Connor Carrick\carrico01,34,11,-13,19,42,571,37,25
Sam Carrick\carrisa01,6,1,-1,2,5,61,2,15
Trevor Carrick\carritr01,1,0,-1,5,0,11,1,1
William Carrier\carriwi01,54,9,-4,29,85,537,13,277
Jeff Carter\carteje01,76,33,-20,42,174,1380,30,80
Colby Cave\caveco01,53,8,-5,16,58,653,18,73
Cody Ceci\cecico01,74,26,-22,18,132,1670,142,120
Peter Cehlarik\cehlape01,20,6,3,6,30,252,7,5
Erik Cernak\cernaer01,58,16,25,58,107,1117,79,198
Thomas Chabot\chaboth01,70,55,-12,32,185,1700,112,71
Michael Chaput\chapumi01,32,5,-4,14,31,359,17,53
Zdeno Chara\charazd01,62,14,22,57,99,1307,88,81
Rourke Chartier\chartro01,13,1,-5,2,19,122,3,14
Jake Chelios\chelija01,5,0,0,2,5,86,5,7
Ben Chiarot\chiarbe01,78,20,6,62,111,1452,139,171
Alex Chiasson\chiasal01,73,38,-1,32,123,1239,31,85
Filip Chlapik\chlapfi01,5,1,-2,4,9,69,4,1
Dennis Cholowski\cholode01,52,16,-20,16,71,949,50,18
Jakob Chychrun\chychja01,53,20,-12,28,117,1074,77,74
Filip Chytil\chytifi01,75,23,-22,8,133,1034,21,29
Anthony Cirelli\cirelan01,82,39,25,34,123,1217,49,94
Casey Cizikas\cizikca01,73,33,22,36,111,1024,68,129
Fredrik Claesson\claesfr01,37,6,3,9,44,638,33,76
Adam Clendening\clendad01,4,0,1,0,3,43,3,1
Kyle Clifford\cliffky01,72,21,4,96,115,755,24,115
Connor Clifton\cliftco01,19,1,5,15,22,336,13,40
Cal Clutterbuck\cluttca01,73,23,6,44,95,1020,40,209
Braydon Coburn\coburbr01,74,23,4,34,113,1192,62,96
Andrew Cogliano\coglian01,78,17,1,22,106,982,32,68
Ian Cole\coleia01,71,15,-1,115,82,1403,178,107
Blake Coleman\colembl01,78,36,-19,71,213,1327,44,225
Blake Comeau\comeabl01,77,18,-7,42,102,1211,40,208
J.T. Compher\comphj.01,66,32,-8,31,118,1153,59,33
Max Comtois\comtoma01,10,7,3,7,9,146,3,27
Cory Conacher\conacco01,1,0,0,2,1,9,0,0
Erik Condra\condrer01,6,1,-2,2,10,76,1,3
Kevin Connauton\connake01,50,8,-2,22,76,918,75,108
Brett Connolly\connobr01,81,46,13,24,139,1080,25,53
Kyle Connor\connoky01,82,66,-7,18,227,1579,21,9
Andrew Copp\coppan01,69,25,20,6,82,839,34,71
Nick Cousins\cousini01,81,27,-8,35,144,1097,51,115
Logan Couture\coutulo01,81,70,-6,22,204,1506,52,65
Sean Couturier\coutuse01,80,76,2,34,223,1770,60,40
Charlie Coyle\coylech01,81,34,-1,20,155,1359,56,77
Adam Cracknell\crackad01,2,0,-1,0,3,21,0,6
Sidney Crosby\crosbsi01,79,100,18,36,220,1658,43,85
Lawson Crouse\crousla01,81,25,5,67,131,1049,44,288
Matt Cullen\cullema01,71,20,6,14,87,817,31,32
Josh Currie\currijo01,21,5,2,2,19,183,17,39
Austin Czarnik\czarnau01,54,18,-1,8,65,612,24,10
Evgenii Dadonov\dadonev01,82,70,-6,8,195,1506,42,33
Rasmus Dahlin\dahlira01,82,44,-13,34,177,1735,66,97
Carl Dahlstrom\dahlsca01,38,6,9,6,42,707,35,33
Michael Dal Colle\dalcomi01,28,7,3,2,34,339,8,10
Trevor Daley\daleytr01,44,8,-3,12,47,817,53,14
Zac Dalpe\dalpeza01,1,1,1,0,1,9,0,0
Phillip Danault\danauph01,81,53,17,39,132,1440,60,95
Marko Daňo\danoma01,8,0,-1,7,3,55,3,16
Laurent Dauphin\dauphla01,1,0,-1,0,2,12,1,0
Brandon Davidson\davidbr01,10,1,-4,15,7,138,15,17
Calvin de Haan\dehaaca01,74,14,1,20,102,1370,106,187
Jacob de La Rose\delarja01,60,9,-13,16,55,686,29,72
Chase De Leo\deleoch01,1,0,1,0,4,13,0,1
Jean-Sebastien Dea\deaje01,23,6,0,8,29,236,12,21
Anthony DeAngelo\deangan01,61,30,6,77,111,1179,82,54
Alex DeBrincat\debrial01,82,76,0,15,220,1451,26,35
Jake Debrusk\debruja01,68,42,2,18,156,1099,24,45
Danny DeKeyser\dekeyda01,52,20,2,39,59,1142,94,79
Michael Del Zotto\delzomi01,42,10,-2,8,45,715,53,129
Dylan DeMelo\demeldy01,77,22,-1,32,109,1485,130,121
Jason Demers\demerja01,35,8,9,12,39,700,43,50
Travis Dermott\dermotr01,64,17,-5,22,98,1108,57,100
Nicolas Deslauriers\deslani01,48,5,-12,22,48,482,22,135
Phillip Di Giuseppe\digiuph01,24,4,-3,8,31,243,9,54
Jason Dickinson\dickija01,67,22,9,23,94,896,50,106
Brenden Dillon\dillobr01,82,22,19,61,71,1455,78,201
Christian Djoos\djoosch01,45,10,9,4,33,611,28,18
Max Domi\domima01,82,72,20,80,203,1425,39,53
Ryan Donato\donatry01,56,25,-15,6,139,767,21,24
Matt Donovan\donovma01,2,1,0,2,1,15,3,0
Joonas Donskoi\donskjo01,80,37,10,10,115,1074,36,36
Jake Dotchin\dotchja01,20,1,-4,39,7,236,16,54
Drew Doughty\doughdr01,82,45,-34,44,154,2181,120,168
Nic Dowd\dowdni01,64,22,10,20,47,659,37,97
Justin Dowling\dowliju01,11,1,-4,0,9,139,7,11
Leon Draisaitl\draisle01,82,105,2,52,231,1852,26,57
Sheldon Dries\driessh01,40,6,-7,26,44,363,20,66
Jonathan Drouin\drouijo01,81,53,-8,26,190,1371,23,55
Dillon Dube\dubedi01,25,5,2,4,22,252,3,11
Brandon Dubinsky\dubinbr01,61,14,-16,36,63,754,28,147
Pierre-Luc Dubois\duboipi01,82,61,16,64,174,1453,52,115
Matt Duchene\duchema01,73,70,-3,8,172,1375,40,28
Anthony Duclair\duclaan01,74,33,-2,14,132,940,33,32
Mathew Dumba\dumbama01,32,22,-5,21,93,748,43,60
Brian Dumoulin\dumoubr01,76,23,31,20,99,1598,129,141
Vince Dunn\dunnvi02,78,35,14,45,150,1368,68,48
Christian Dvorak\dvorach01,20,7,-2,2,25,288,7,16
Ryan Dzingel\dzingry01,78,56,-9,29,159,1312,38,54
Cody Eakin\eakinco01,78,41,19,16,120,1200,35,88
Patrick Eaves\eavespa01,7,0,-4,4,6,97,1,14
Jordan Eberle\eberljo01,78,37,-6,17,160,1289,35,36
Alexander Edler\edleral01,56,34,3,54,128,1376,166,127
Joel Edmundson\edmunjo01,64,11,8,68,102,1241,106,128
Nikolaj Ehlers\ehlerni01,62,37,2,15,158,977,16,27
Christoffer Ehn\ehnch01,60,9,-5,6,49,637,39,70
Jack Eichel\eicheja01,77,82,-11,26,303,1574,51,70
Aaron Ekblad\ekblaaa01,82,37,1,47,180,1939,88,114
Mattias Ekholm\ekholma01,80,44,27,47,146,1869,107,68
Oliver Ekman-Larsson\ekmanol01,81,44,-16,52,176,1915,52,162
Remi Elie\eliere01,16,1,-3,2,9,166,3,30
Lars Eller\ellerla01,81,36,-1,37,163,1339,47,69
Stefan Elliott\elliost01,3,1,1,0,3,27,1,2
Ryan Ellis\ellisry01,82,41,21,20,149,1969,154,71
Deryk Engelland\engelde01,74,12,-3,18,105,1471,152,165
Andreas Englund\engluan01,3,0,-2,10,2,40,2,5
Tyler Ennis\ennisty01,51,18,-6,2,81,507,14,49
Jonathan Ericsson\ericsjo01,52,5,-10,35,48,895,56,98
Loui Eriksson\erikslo01,81,29,-11,22,107,1139,28,3
Joel Eriksson Ek\eriksjo02,58,14,-7,20,111,783,24,117
Adam Erne\ernead01,65,20,10,40,70,686,26,159
Robby Fabbri\fabbrro01,32,6,-4,6,43,405,8,30
Dante Fabbro\fabbrda01,4,1,-1,0,5,51,6,3
Radek Faksa\faksara01,81,30,-3,54,114,1331,65,103
Justin Falk\falkju01,10,0,-4,11,7,129,9,36
Oscar Fantenberg\fanteos01,61,4,3,17,70,976,74,91
Jesper Fast\fastje01,66,20,-3,26,80,1038,47,120
Justin Faulk\faulkju01,82,35,9,47,217,1839,121,156
Taylor Fedun\fedunta01,54,11,2,14,86,748,58,19
Eric Fehr\fehrer01,72,15,-8,30,67,795,48,40
Micheal Ferland\ferlami01,71,40,13,58,156,1001,19,182
Kevin Fiala\fialake01,83,39,-23,36,174,1298,20,42
Valtteri Filppula\filppva01,72,31,19,16,78,1028,34,12
Christian Fischer\fischch01,71,18,-13,27,116,935,19,124
Haydn Fleury\fleurha01,20,1,4,2,17,251,21,25
Warren Foegele\foegewa01,77,15,-17,20,106,962,19,126
Steven Fogarty\fogarst01,10,0,-1,0,9,78,3,6
Marcus Foligno\foligma01,82,19,-1,55,91,982,43,206
Nick Foligno\foligni01,73,35,12,44,141,1292,51,175
Christian Folin\folinch01,45,6,6,27,47,705,78,125
Derek Forbort\forbode01,81,14,-13,52,75,1680,139,105
Alex Formenton\formeal01,9,1,-2,6,16,105,7,11
Jakob Forsbacka Karlsson\forsbja01,28,9,1,2,21,330,9,14
Filip Forsberg\forsbfi01,64,50,8,26,217,1191,29,100
Gustav Forsling\forslgu02,43,9,-9,30,57,735,38,38
Alexandre Fortin\fortial01,24,6,-6,2,29,254,7,21
Cam Fowler\fowleca01,59,23,-14,20,88,1379,91,32
Trent Frederic\fredetr01,15,0,-4,15,19,141,3,18
Mark Friedman\friedma01,1,0,-1,0,1,13,0,1
Tanner Fritz\fritzta01,8,1,-3,2,6,87,6,18
Martin Frk\frkma01,30,6,-9,4,28,276,4,35
Michael Frolik\frolimi01,65,34,24,26,132,868,22,57
Kurtis Gabriel\gabriku01,22,4,0,59,7,162,8,78
Sam Gagner\gagnesa01,32,13,-6,14,68,467,7,21
Alex Galchenyuk\galchal01,72,41,-19,34,159,1133,34,62
Brendan Gallagher\gallabr01,82,52,10,49,302,1345,31,126
Joseph Gambardella\gambajo01,15,3,2,2,7,122,5,14
Dylan Gambrell\gambrdy01,8,0,1,2,6,69,1,13
Jake Gardiner\gardija01,62,30,19,26,78,1315,64,61
Conor Garland\garlaco01,47,18,1,12,118,601,17,33
Jason Garrison\garrija01,17,1,1,8,16,216,23,13
Adam Gaudette\gaudead01,56,12,-8,18,55,613,15,48
Frederick Gaudreau\gaudrfr01,55,4,1,2,43,496,18,25
Johnny Gaudreau\gaudrjo01,82,99,18,24,245,1646,12,12
Brendan Gaunce\gauncbr01,3,3,3,0,2,23,0,4
Cameron Gaunce\gauncca01,2,0,3,7,2,31,1,4
Frederik Gauthier\gauthfr01,70,14,3,12,46,586,28,98
Timothy Gettinger\gettiti01,4,0,0,0,2,30,3,15
Ryan Getzlaf\getzlry01,67,48,-19,58,133,1304,74,150
Brian Gibbons\gibbobr02,64,19,-5,20,50,699,29,40
Brandon Gignac\gignabr01,1,0,-2,0,1,9,1,0
Dennis Gilbert\gilbede01,1,0,0,2,0,13,1,6
John Gilmour\gilmojo01,5,0,-3,4,9,80,13,3
Stephen Gionta\giontst01,5,0,-4,0,4,44,2,14
Mark Giordano\giordma01,78,74,39,69,221,1891,144,58
Samuel Girard\girarsa01,82,27,8,6,116,1631,90,65
Dan Girardi\girarda01,62,16,6,12,75,1104,108,151
Zemgus Girgensons\girgeze01,72,18,-11,17,78,980,29,144
Claude Giroux\giroucl01,82,85,9,24,229,1759,19,28
Ben Gleason\gleasbe01,4,1,-1,0,2,60,1,2
Luke Glendening\glendlu01,78,23,2,15,102,1231,102,198
Nikolay Goldobin\goldoni01,63,27,-10,18,105,944,21,15
Alex Goligoski\goligal01,76,27,-7,16,102,1582,154,79
Cody Goloubef\golouco01,5,0,0,2,3,54,5,13
Barclay Goodrow\goodrba01,82,17,4,76,84,903,68,125
Shayne Gostisbehere\gostish01,78,37,-20,22,180,1533,102,46
Tyrell Goulbourne\goulbty01,2,0,0,0,3,15,0,6
Yanni Gourde\gourdya01,80,48,9,66,130,1267,30,83
Michael Grabner\grabnmi01,41,16,-2,8,65,590,15,28
Markus Granlund\granlma01,77,22,-4,20,123,1158,24,46
Mikael Granlund\granlmi01,79,54,-8,24,189,1449,40,46
Derek Grant\grantde01,56,14,-6,14,74,654,29,92
Kevin Gravel\graveke01,36,3,-2,4,44,530,53,31
Ryan Graves\gravery01,26,5,4,2,26,289,51,32
Anthony Greco\grecoan01,1,0,-3,0,2,10,0,0
Mike Green\greenmi03,43,26,-1,28,92,932,56,60
Andy Greene\greenan01,82,25,-9,16,104,1708,208,67
Jordan Greenway\greenjo02,81,24,-12,29,109,1104,40,57
A.J. Greer\greeraj01,15,2,-2,14,9,94,5,20
Rocco Grimaldi\grimaro01,53,13,-2,10,81,530,20,32
Carl Grundstrom\grundca01,15,6,-4,6,26,225,3,38
Eric Gryba\grybaer01,10,0,-1,10,11,153,16,21
Matt Grzelcyk\grzelma01,66,18,9,68,90,1263,60,46
Radko Gudas\gudasra01,77,20,6,63,136,1376,133,255
Erik Gudbranson\gudbrer01,76,10,-20,87,94,1386,84,184
Jake Guentzel\guentja01,82,76,13,26,227,1587,47,105
Brendan Guhle\guhlebr01,8,1,-2,4,15,120,7,9
Carl Gunnarsson\gunnaca01,25,7,8,6,21,398,35,11
Denis Gurianov\guriade01,21,4,-3,0,23,228,9,23
Erik Gustafsson\gustaer02,79,60,-6,34,160,1784,115,100
Carl Hagelin\hagelca01,58,19,7,30,99,854,20,64
Robert Hagg\haggro01,82,20,-3,63,86,1390,158,258
Ron Hainsey\hainsro01,81,23,30,21,81,1641,144,91
Libor Hajek\hajekli01,5,1,1,6,10,83,3,5
Micheal Haley\haleymi01,43,6,-2,75,34,348,16,76
Taylor Hall\hallta02,33,37,-6,16,113,650,29,22
Dan Hamhuis\hamhuda01,57,5,-2,28,39,915,61,38
Dougie Hamilton\hamildo01,82,39,0,54,259,1613,91,160
Travis Hamonic\hamontr01,69,19,21,33,128,1440,167,44
Noah Hanifin\hanifno01,80,33,18,12,116,1662,83,87
Joel Hanley\hanlejo01,16,0,0,2,9,219,16,16
Markus Hannikainen\hannima01,44,7,-5,2,52,417,8,63
Martin Hanzal\hanzama01,7,2,-4,4,14,90,4,14
Ben Harpur\harpube01,51,5,-13,56,50,899,69,89
Scott Harrington\harrisc01,73,17,6,23,54,952,81,73
Ryan Hartman\hartmry01,83,26,1,74,145,1089,39,107
Garnet Hathaway\hathaga01,76,19,14,56,77,800,36,200
Erik Haula\haulaer01,15,7,1,10,26,249,6,11
Jayce Hawryluk\hawryja01,42,12,-8,16,35,396,25,101
John Hayden\haydejo01,54,5,-12,27,42,495,23,97
Kevin Hayes\hayeske01,71,55,-2,12,156,1298,15,58
Dillon Heatherington\heathdi01,5,1,4,0,5,51,2,6
Victor Hedman\hedmavi01,70,54,24,44,182,1594,97,59
Tim Heed\heedti01,37,13,9,10,41,532,31,16
Danton Heinen\heineda01,77,34,13,16,114,1076,36,54
Miro Heiskanen\heiskmi01,82,33,-14,16,182,1895,71,34
Darren Helm\helmda01,61,17,-11,20,107,889,26,50
Matt Hendricks\hendrma01,26,3,-2,19,23,230,8,40
Adam Henrique\henriad01,82,42,-5,24,122,1349,71,78
Tomas Hertl\hertlto01,77,74,5,18,176,1465,64,53
Joe Hicketts\hickejo01,11,0,-9,0,16,204,27,17
Thomas Hickey\hicketh01,40,4,5,33,47,740,71,40
Vinnie Hinostroza\hinosvi01,72,39,-4,14,152,1099,41,69
Roope Hintz\hintzro01,58,22,-11,24,99,815,36,87
Taro Hirose\hirosta01,10,7,0,2,15,153,9,1
Nico Hischier\hischni01,69,47,0,24,160,1249,44,53
Niklas Hjalmarsson\hjalmni01,82,10,8,44,57,1615,187,45
Joshua Ho-Sang\hosanjo01,10,2,2,6,10,145,3,0
Mike Hoffman\hoffmmi02,82,70,-24,30,253,1463,26,42
Nick Holden\holdeni01,61,15,5,14,77,1116,76,104
Justin Holl\hollju01,11,1,-5,2,6,137,5,9
Korbinian Holzer\holzeko01,22,4,5,8,15,353,38,61
Julius Honka\honkaju01,29,4,-2,10,38,398,31,16
Patric Hornqvist\hornqpa01,69,37,-3,26,197,1068,34,150
Bo Horvat\horvabo01,82,61,-4,33,227,1709,63,62
Brett Howden\howdebr01,66,23,-16,14,74,986,47,64
Filip Hronek\hronefi01,46,23,-10,30,73,918,32,66
Jonathan Huberdeau\huberjo01,82,92,-14,40,226,1546,45,57
Charles Hudon\hudonch01,32,5,-9,16,50,374,9,73
Quinn Hughes\hughequ01,5,3,0,2,6,90,1,1
Brad Hunt\huntbr01,42,12,-2,8,75,625,28,18
Dryden Hunt\huntdr01,31,10,0,8,53,343,9,65
Matt Hunwick\hunwima01,14,2,-7,4,10,220,9,6
Ben Hutton\huttobe01,69,20,-23,43,114,1543,102,55
Tomas Hyka\hykato01,17,4,-2,2,22,200,5,6
Zach Hyman\hymanza01,71,41,16,65,144,1227,39,102
Alex Iafallo\iafalal01,82,33,-17,22,148,1380,54,87
Matt Irwin\irwinma01,44,7,5,38,50,497,37,80
Joshua Jacobs\jacobjo01,1,0,-1,0,1,15,1,2
Mark Jankowski\jankoma01,79,32,6,12,99,1004,56,30
Mattias Janmark\janmama02,81,25,-4,24,105,1233,44,28
Calle Jarnkrok\jarnkca01,79,26,13,12,106,1219,22,56
Christian Jaros\jarosch01,61,10,-14,27,65,876,82,110
Dmitrij Jaskin\jaskidm01,37,8,-5,6,48,373,14,87
Boone Jenner\jennebo01,77,38,6,42,170,1314,70,158
Nick Jensen\jenseni02,80,20,4,21,94,1588,105,82
Jakub Jerabek\jerabja01,1,0,-3,2,1,8,1,0
Ryan Johansen\johanry01,80,64,7,42,136,1564,23,95
Marcus Johansson\johanma03,58,30,-16,8,115,924,24,28
Adam Johnson\johnsad01,6,2,2,0,3,32,3,11
Erik Johnson\johnser01,80,25,8,38,144,1745,143,124
Jack Johnson\johnsja02,82,13,-4,41,86,1581,147,233
Luke Johnson\johnslu01,15,1,-8,8,19,162,9,31
Tyler Johnson\johnsty01,80,47,15,28,163,1276,32,50
Andreas Johnsson\johnsan01,73,43,14,32,130,998,36,60
Ross Johnston\johnsro02,17,4,3,23,12,135,1,43
Henri Jokiharju\jokihhe01,38,12,-7,16,62,721,37,48
Caleb Jones\jonesca01,17,6,-9,6,21,337,18,20
Max Jones\jonesma03,30,5,-1,14,58,395,5,30
Seth Jones\jonesse01,75,46,1,28,184,1937,133,106
Mathieu Joseph\josepma01,70,26,5,26,95,795,14,129
Roman Josi\josiro01,82,56,9,42,274,2064,144,53
Tyson Jost\jostty01,70,26,-2,14,114,910,35,48
Noah Juulsen\juulsno01,21,5,5,6,22,359,39,60
Nazem Kadri\kadrina01,73,44,-2,43,184,1182,13,85
Dominik Kahun\kahundo01,82,37,10,6,137,1160,27,13
Vladislav Kamenev\kamenvl01,23,5,-2,10,22,208,4,20
David Kampf\kampfda01,63,19,-6,14,72,877,30,39
Steven Kampfer\kampfst01,35,6,-6,22,40,512,32,44
Evander Kane\kaneev01,75,56,-4,153,268,1381,25,173
Patrick Kane\kanepa01,81,110,2,22,341,1822,18,21
Kasperi Kapanen\kapanka01,78,44,12,27,174,1296,19,92
Erik Karlsson\karlser01,53,45,6,22,169,1298,69,44
Melker Karlsson\karlsme01,79,16,-1,26,79,908,39,67
William Karlsson\karlswi01,82,56,1,16,169,1545,55,51
Ondrej Kase\kaseon01,30,20,0,2,94,470,11,17
Zack Kassian\kassiza01,79,26,-6,102,111,1169,15,191
Brady Keeper\keepebr01,1,0,1,0,1,13,1,2
Duncan Keith\keithdu01,82,40,13,70,141,1887,144,42
Clayton Keller\kellecl01,82,47,-21,24,200,1495,21,16
Adrian Kempe\kempead01,81,28,-10,50,118,1175,21,86
Mario Kempe\kempema01,52,9,5,18,57,582,30,105
Michal Kempny\kempnmi01,71,25,24,60,111,1362,135,84
Alexander Kerfoot\kerfoal01,78,42,-9,38,116,1161,29,22
Ryan Kesler\keslery01,60,8,-19,44,86,990,56,93
Phil Kessel\kesseph01,82,82,-19,28,215,1474,18,12
Jujhar Khaira\khairju01,60,18,-12,43,64,754,33,123
Alex Killorn\killoal01,82,40,22,45,153,1220,23,88
Bogdan Kiselevich\kiselbo01,32,8,-3,12,14,475,21,49
Oscar Klefbom\klefbos01,61,28,-11,16,167,1463,102,44
John Klingberg\klingjo01,64,45,6,12,153,1570,77,42
Justin Kloos\kloosju01,1,0,0,0,2,7,0,2
Corban Knight\knighco01,23,4,-5,0,15,223,13,9
Slater Koekkoek\koekksl01,31,6,4,14,36,491,48,54
Mikko Koivu\koivumi01,48,29,-2,22,89,878,32,13
Leo Komarov\komarle01,82,26,18,42,78,1139,38,203
Travis Konecny\konectr01,82,49,-4,40,182,1251,45,65
Anze Kopitar\kopitan01,81,60,-20,30,156,1807,66,59
Kalle Kossila\kossika01,8,1,-1,4,11,82,3,5
Jesperi Kotkaniemi\kotkaje01,79,34,1,26,134,1086,41,66
Ilya Kovalchuk\kovalil01,64,34,-26,10,141,1039,19,28
Chris Kreider\kreidch01,79,52,4,57,201,1375,49,159
David Krejci\krejcda01,81,73,7,16,139,1432,24,28
Niklas Kronwall\kronwni01,79,27,-5,40,71,1576,96,84
Torey Krug\krugto01,64,53,-2,33,151,1363,60,53
Marcus Kruger\krugema01,74,12,-2,30,74,771,34,51
Nikita Kucherov\kucheni01,82,128,24,62,246,1637,31,44
Ryan Kuffner\kuffnry01,10,0,-4,0,8,109,5,4
Karson Kuhlman\kuhlmka01,11,5,5,2,15,134,4,6
Tom Kuhnhackl\kuhnhto01,36,9,1,10,30,457,41,48
Dean Kukan\kukande01,25,5,6,6,16,337,21,16
Brett Kulak\kulakbr01,57,17,12,31,102,1017,64,107
Dmitry Kulikov\kulikdm01,57,6,4,47,40,893,71,88
Luke Kunin\kuninlu01,49,17,-9,27,88,778,34,67
Chris Kunitz\kunitch01,56,10,-7,23,44,507,15,85
Janne Kuokkanen\kuokkja01,7,0,-2,4,6,76,3,0
Sean Kuraly\kuralse01,71,21,6,38,134,978,35,129
Evgeny Kuznetsov\kuzneev01,76,72,7,50,193,1428,20,46
Oliver Kylington\kylinol01,38,8,3,10,21,472,41,11
Jordan Kyrou\kyroujo01,16,3,-1,4,16,155,3,2
Joel L'Esperance\lespejo01,18,2,-4,6,24,220,4,22
Kevin Labanc\labanke01,82,56,-1,36,130,1150,16,66
Andrew Ladd\laddan01,26,11,3,16,34,360,8,37
Paul Ladue\laduepa01,33,5,0,12,33,436,25,51
Patrik Laine\lainepa01,82,50,-24,42,245,1413,44,70
Maxime Lajoie\lajoima01,56,15,-25,20,79,1059,82,34
Juho Lammikko\lammiju01,40,6,-7,6,39,437,21,45
Gabriel Landeskog\landega01,73,75,17,51,243,1544,64,120
Nick Lappin\lappini01,11,0,-6,0,11,151,3,16
Dylan Larkin\larkidy01,76,73,-6,75,287,1660,38,80
Adam Larsson\larssad01,82,20,-28,44,117,1773,128,256
Jacob Larsson\larssja01,49,5,-4,16,57,839,59,41
Johan Larsson\larssjo02,73,14,-8,37,79,1043,44,112
Brian Lashoff\lashobr01,4,1,-1,2,2,55,4,3
Scott Laughton\laughsc01,82,32,-11,53,130,1218,46,146
Jeremy Lauzon\lauzoje01,16,1,-1,2,11,249,15,15
Curtis Lazar\lazarcu01,1,0,-1,0,0,5,1,0
Nick Leddy\leddyni01,82,26,0,18,116,1767,89,77
Anders Lee\leean01,82,51,20,58,204,1401,51,103
Artturi Lehkonen\lehkoar01,82,31,10,32,176,1276,39,120
Jori Lehtera\lehtejo01,27,3,-7,33,17,246,7,29
Brendan Leipsic\leipsbr01,62,23,-14,24,92,855,28,56
Josh Leivo\leivojo01,76,24,5,32,151,1066,23,44
Brendan Lemieux\lemiebr01,63,17,6,108,67,570,31,129
Kris Letang\letankr01,65,56,13,48,206,1687,111,116
Mark Letestu\letesma01,2,0,-1,0,1,19,0,3
Vinni Lettieri\lettivi01,27,3,-7,14,40,274,11,41
Tyler Lewington\lewinty01,2,2,3,7,3,28,1,4
Trevor Lewis\lewistr01,44,12,-9,9,87,617,25,53
Oscar Lindberg\lindbos02,55,20,4,28,91,686,27,104
Esa Lindell\lindees01,82,32,14,33,132,1995,161,143
Ryan Lindgren\lindgry01,5,0,-6,8,8,73,9,11
Anton Lindholm\lindhan01,2,0,-1,0,0,14,1,1
Elias Lindholm\lindhel01,81,78,30,20,182,1623,39,82
Hampus Lindholm\lindhha01,76,28,-5,44,125,1824,133,81
Par Lindholm\lindhpa01,65,13,5,18,65,738,55,58
Bryan Little\littlbr01,82,41,-12,26,126,1298,29,62
Blake Lizotte\lizotbl01,1,0,-1,0,1,11,1,0
Ryan Lomberg\lombery01,4,0,0,17,1,28,0,12
Ben Lovejoy\lovejbe01,71,9,-1,37,95,1213,118,76
Adam Lowry\lowryad01,78,23,6,33,105,1142,49,223
Milan Lucic\lucicmi01,79,20,-9,91,74,1046,22,259
Matt Luff\luffma01,33,11,-2,9,45,367,19,17
Isac Lundestrom\lundeis01,15,2,-1,2,13,195,5,4
Ilya Lyubushkin\lyubuil01,41,4,-9,13,27,563,61,150
Olli Maatta\maattol01,60,14,9,12,74,1115,116,97
Kurtis MacDermid\macdeku01,11,1,-1,11,5,103,4,26
Andrew MacDonald\macdoan01,47,9,-5,18,41,771,95,30
Jacob MacDonald\macdoja02,2,1,1,0,1,24,1,1
Mackenzie MacEachern\maceama01,29,5,0,10,33,233,4,49
Zack MacEwen\macewza01,4,1,-4,5,2,29,1,4
Derek MacKenzie\mackede01,1,0,0,0,0,3,0,0
Nathan MacKinnon\mackina01,82,99,20,34,365,1812,31,54
Saku Maenalanen\maenasa01,34,8,0,20,36,321,10,45
Josh Mahura\mahurjo01,17,5,0,4,20,243,18,6
Denis Malgin\malgide01,50,16,-10,14,66,644,21,40
Evgeni Malkin\malkiev01,68,72,-25,89,187,1279,33,54
Brad Malone\malonbr01,16,0,0,4,13,143,5,35
Maxim Mamin\maminma01,7,0,-2,5,8,51,1,10
Andrew Mangiapane\mangian01,44,13,11,12,65,464,17,43
Brandon Manning\mannibr01,39,4,-15,25,33,579,40,63
Josh Manson\mansojo01,74,16,-8,62,96,1651,90,184
Anthony Mantha\manthan01,67,48,-8,30,198,1194,23,67
Brad Marchand\marchbr03,79,100,15,96,231,1550,19,46
Jonathan Marchessault\audymjo01,82,59,2,52,278,1488,22,98
Martin Marincin\marinma01,24,5,-4,12,34,365,21,21
Patrick Marleau\marlepa01,82,37,-6,28,161,1340,41,74
Mitch Marner\marnemi01,82,94,22,22,233,1625,43,29
Cooper Marody\marodco01,6,0,-1,0,6,41,0,0
Pat Maroon\maroopa01,74,28,-3,64,118,1049,7,135
Danick Martel\marteda01,9,2,3,8,16,92,1,12
Matt Martin\martima02,67,14,5,53,62,766,42,275
Alec Martinez\martial01,60,18,-2,8,78,1282,135,78
Jordan Martinook\martijo01,82,25,1,38,146,1188,46,199
Andreas Martinsen\martian01,24,4,-5,14,21,190,9,83
Mike Matheson\mathemi01,75,27,-24,44,129,1674,132,63
Auston Matthews\matthau01,68,73,-9,12,251,1262,60,28
Scott Mayfield\mayfisc01,79,19,18,68,104,1480,159,118
Charlie McAvoy\mcavoch01,54,28,14,45,79,1197,91,92
Jake McCabe\mccabja01,59,14,-4,35,64,1118,99,103
Jared McCann\mccanja01,78,35,-1,31,150,1133,51,77
Max McCormick\mccorma01,14,1,-6,4,12,105,6,21
Ian McCoshen\mccosia01,19,2,-2,8,15,253,13,41
Connor McDavid\mcdavco01,78,116,3,20,240,1781,30,39
Ryan McDonagh\mcdonry01,82,46,38,34,128,1811,161,98
Brock McGinn\mcginbr01,82,26,10,20,123,1173,38,137
Jamie McGinn\mcginja01,19,7,-5,6,23,203,3,34
Dylan McIlrath\mcilrdy01,7,0,2,4,6,106,7,19
Greg McKegg\mckeggr01,41,11,-2,8,27,437,18,30
Cody McLeod\mcleoco01,38,1,-13,67,22,246,10,112
Michael McLeod\mcleomi01,21,3,-8,13,21,256,4,41
Brayden McNabb\mcnabbr01,81,16,11,52,84,1578,139,200
Adam McQuaid\mcquaad01,50,7,2,42,28,789,88,122
Wade Megan\meganwa01,11,1,-4,2,16,87,4,4
Jaycob Megna\megnaja02,28,4,-1,12,31,407,29,32
Timo Meier\meierti01,78,66,9,55,250,1324,40,99
Dakota Mermis\mermida01,1,0,1,0,0,11,0,0
Jonathon Merrill\merrijo01,57,15,16,53,72,1019,72,71
Victor Mete\metevi01,71,13,17,6,65,1262,95,21
Marc Methot\methoma01,9,0,-3,6,3,152,10,15
Jacob Middleton\middlja01,3,1,-1,2,0,30,2,1
Sonny Milano\milanso01,8,1,0,0,5,67,0,5
Colin Miller\milleco02,65,29,0,44,131,1277,64,122
J.T. Miller\millejt01,75,47,8,30,108,1100,23,115
Kevan Miller\milleke03,39,7,8,35,32,692,79,73
Casey Mittelstadt\mitteca01,77,25,-19,10,118,1036,16,30
Sean Monahan\monahse01,78,82,7,12,211,1486,24,36
Brandon Montour\montobr01,82,35,-20,56,181,1841,121,99
John Moore\moorejo01,61,13,0,26,97,1145,76,77
Trevor Moore\mooretr01,25,8,1,2,26,227,7,15
Samuel Morin\morinsa01,5,0,-3,4,5,62,7,9
Josh Morrissey\morrijo04,59,31,9,14,95,1322,107,55
Joseph Morrow\morrojo02,41,7,0,20,40,572,37,37
Tyler Motte\mottety01,74,16,-12,10,114,945,52,200
Mirco Mueller\muellmi01,53,11,-3,17,39,958,61,75
Connor Murphy\murphco02,52,13,12,40,84,1013,91,119
Ryan Murphy\murphry01,3,1,1,0,1,34,3,1
Jake Muzzin\muzzija01,80,37,21,47,141,1707,134,172
Philippe Myers\myersph01,21,2,-5,2,25,323,8,42
Tyler Myers\myersty01,80,31,11,63,156,1628,99,97
Vladislav Namestnikov\namesvl01,78,31,-7,44,119,1232,62,140
Riley Nash\nashri02,78,12,-8,19,79,846,43,72
James Neal\nealja01,63,19,-5,28,141,942,19,46
Martin Necas\necasma01,7,2,0,2,6,70,2,3
Brock Nelson\nelsobr01,82,53,20,28,181,1474,55,51
Casey Nelson\nelsoca01,38,6,1,13,37,586,36,44
Patrik Nemeth\nemetpa01,74,10,5,53,57,1220,131,137
Valeri Nichushkin\nichuva01,57,10,-4,0,65,679,32,71
Nino Niederreiter\niedeni01,82,53,-4,30,184,1330,20,94
Frans Nielsen\nielsfr01,72,35,-7,14,120,1201,44,79
Matthew Nieto\nietoma01,64,23,2,8,86,881,26,50
Boo Nieves\nievecr01,43,10,-4,8,34,415,18,33
Sami Niku\nikusa01,30,4,0,2,19,418,30,10
Jacob Nilsson\nilssja01,2,0,-2,0,0,16,1,1
Matt Niskanen\niskama01,80,25,-3,41,143,1755,137,167
Stefan Noesen\noesest01,41,8,-19,28,64,522,21,95
Nelson Nogier\nogiene01,1,0,0,0,1,10,1,0
Jordan Nolan\nolanjo01,14,2,2,14,17,111,4,22
Joakim Nordstrom\nordsjo02,70,12,0,13,103,944,52,86
Tomas Nosek\nosekto01,68,17,-10,18,116,848,23,75
Ryan Nugent-Hopkins\nugenry01,82,69,-13,26,208,1648,40,69
Darnell Nurse\nurseda01,82,41,-5,87,196,1953,146,162
Markus Nutivaara\nutivma01,80,21,3,6,99,1414,61,80
Alexander Nylander\nylanal01,12,4,-4,4,16,146,1,1
William Nylander\nylanwi01,54,27,-4,16,130,838,14,16
Gustav Nyquist\nyquigu01,81,60,1,12,204,1419,23,36
Logan O'Connor\oconnlo01,5,0,-2,0,1,34,1,4
Danny O'Regan\oregada01,1,0,0,0,2,12,0,0
Ryan O'Reilly\oreilry01,82,77,22,12,234,1702,36,31
Jordan Oesterle\oestejo01,71,20,-3,12,77,1342,139,58
Kyle Okposo\okposky01,78,29,-9,41,147,1075,27,87
Jamie Oleksiak\oleksja01,57,12,5,45,55,840,59,135
Victor Olofsson\olofsvi01,6,4,1,2,21,108,3,2
Dmitry Orlov\orlovdm01,82,29,3,33,101,1774,103,137
Brooks Orpik\orpikbr01,53,9,8,32,43,830,78,131
T.J. Oshie\oshietj01,69,54,5,36,143,1284,55,133
Xavier Ouellet\ouellxa01,19,3,-3,13,32,323,30,32
Alex Ovechkin\ovechal01,81,89,7,40,338,1695,41,223
Igor Ozhiganov\ozhigig01,53,7,0,14,43,743,48,57
Magnus Paajarvi\paajama01,80,19,-14,6,119,1078,67,65
Max Pacioretty\pacioma01,66,40,-13,36,191,1122,20,119
Jean-Gabriel Pageau\pageaje01,39,12,-12,14,83,696,38,63
Ondrej Palat\palaton01,64,34,4,20,100,953,34,104
Kyle Palmieri\palmiky01,74,50,-9,42,224,1343,35,98
Artemi Panarin\panarar01,79,87,14,23,191,1569,17,14
Richard Panik\panikri01,75,33,-3,44,140,1246,52,137
Cedric Paquette\paquece01,80,17,7,80,87,960,61,269
Colton Parayko\parayco01,80,28,20,15,176,1823,157,127
Zach Parise\parisza01,74,61,-2,26,229,1381,71,49
David Pastrnak\pastrda01,66,81,6,32,235,1238,25,57
Greg Pateryn\patergr01,80,7,-11,41,100,1370,118,144
Nolan Patrick\patrino01,72,31,-8,27,115,1086,26,72
Nick Paul\paulni01,20,2,-10,4,30,169,4,28
Joe Pavelski\paveljo01,75,64,-4,22,188,1428,61,69
Tanner Pearson\pearsta01,80,27,-15,25,147,1124,41,128
Matthew Peca\pecama01,39,10,-14,4,35,410,21,33
Adam Pelech\pelecad01,78,21,22,24,110,1453,116,149
Anthony Peluso\pelusan01,4,0,-1,7,1,16,0,4
Brendan Perlini\perlibr01,68,21,-17,28,117,789,22,51
Mathieu Perreault\perrema01,82,30,-1,44,95,1003,25,127
David Perron\perroda01,57,46,3,46,112,974,13,52
Corey Perry\perryco01,31,10,-16,27,59,460,14,21
Brett Pesce\pescebr01,73,29,35,24,98,1496,131,53
Nic Petan\petanni01,18,3,-5,2,15,137,4,2
Alexander Petrovic\petroal01,35,2,-15,26,47,578,53,116
Jeff Petry\petryje01,82,46,-5,28,172,1896,123,190
Elias Pettersson\petteel01,71,66,3,12,144,1294,51,42
Marcus Pettersson\pettema01,84,25,17,66,87,1401,108,101
Dion Phaneuf\phanedi01,67,6,-21,53,80,1005,79,128
Blake Pietila\pietibl01,19,1,-7,6,22,252,8,36
Alex Pietrangelo\pietral01,71,41,2,22,168,1709,139,62
Lawrence Pilut\pilutla01,33,6,-8,20,37,575,33,20
Neal Pionk\pionkne01,73,26,-16,35,132,1545,98,138
Brandon Pirri\pirribr01,31,18,7,6,82,448,13,29
Rem Pitlick\pitlire01,1,0,0,2,0,10,0,0
Tyler Pitlick\pitlity01,47,12,-2,6,75,629,27,93
Tomas Plekanec\plekato01,3,1,0,0,8,33,1,1
Ryan Poehling\poehlry01,1,3,3,0,3,11,0,1
Brayden Point\pointbr01,79,92,27,28,191,1495,43,31
Roman Polak\polakro01,77,9,6,69,77,1476,152,191
Jason Pominville\pominja01,73,31,-4,4,134,910,20,18
Derrick Pouliot\poulide01,62,12,-1,30,58,1064,71,76
Nate Prosser\prossna01,15,0,1,2,10,153,13,17
Dalton Prout\proutda01,20,2,1,8,14,262,20,36
Ivan Provorov\provoiv01,82,26,-16,32,145,2059,149,123
Matt Puempel\puempma01,8,1,-2,2,10,83,5,4
Jesse Puljujarvi\puljuje01,46,9,-14,16,53,550,26,46
Ryan Pulock\pulocry01,82,37,21,22,180,1834,148,143
Tom Pyatt\pyattto01,37,2,-16,2,29,433,46,15
Mark Pysyk\pysykma01,70,11,-1,26,64,1279,89,133
John Quenneville\quennjo02,19,1,-1,4,16,215,7,21
Alan Quine\quineal01,13,5,0,6,11,123,2,14
Lukas Radil\radillu01,36,11,7,6,40,385,9,29
Alexander Radulov\radulal01,70,72,22,54,209,1385,83,60
Brogan Rafferty\raffebr01,2,0,-1,0,3,27,2,0
Michael Raffl\rafflmi01,67,18,-1,32,65,765,29,96
Rickard Rakell\rakelri01,69,43,-13,27,194,1275,38,82
Mikko Rantanen\rantami01,74,87,13,54,193,1542,41,59
Victor Rask\raskvi01,49,9,-4,8,55,593,12,40
Michael Rasmussen\rasmumi01,62,18,-8,29,74,749,28,84
Ty Rattie\rattity01,50,11,-2,4,84,567,7,57
Kyle Rau\rauky01,6,1,0,0,6,42,2,11
Matt Read\readma01,12,1,-2,2,13,141,8,11
Ryan Reaves\reavery01,80,20,1,74,95,870,24,305
Mike Reilly\reillmi01,57,11,0,16,101,1065,53,48
Sam Reinhart\reinhsa01,82,65,-10,16,180,1555,47,38
Sheldon Rempal\rempash01,7,0,-1,0,3,61,1,0
Anthony Richard\richaan01,1,0,-1,0,0,7,1,0
Brad Richardson\richabr02,66,27,6,22,128,1054,55,63
Tobias Rieder\riedeto01,67,11,-8,8,92,847,44,69
Morgan Rielly\riellmo01,82,72,24,14,223,1896,114,61
Juuso Riikola\riikoju01,37,5,3,10,43,617,38,86
Zac Rinaldo\rinalza01,23,3,1,20,11,164,8,47
Rasmus Ristolainen\ristora01,78,43,-41,38,182,1922,121,235
Brett Ritchie\ritchbr01,53,6,-7,57,57,509,13,126
Nick Ritchie\ritchni01,60,31,6,82,96,900,31,123
Eric Robinson\robiner01,13,0,-4,0,18,154,1,24
Jack Rodewald\rodewja01,6,0,0,0,2,42,3,8
Evan Rodrigues\rodriev01,74,29,-7,25,168,1171,33,33
Kevin Rooney\rooneke01,41,10,-4,15,39,517,22,77
Calle Rosen\rosenca01,4,1,-3,0,5,67,2,1
Jack Roslovic\rosloja01,77,24,-2,4,74,750,21,32
Antoine Roussel\roussan01,65,31,5,118,84,894,50,87
Carter Rowney\rowneca01,62,20,0,12,53,778,35,178
Kevin Roy\royke01,3,0,-1,0,2,39,2,0
Matt Roy\royma04,25,6,-1,8,34,428,47,38
Nicolas Roy\royni01,6,0,0,2,1,42,1,7
Chad Ruhwedel\ruhwech01,18,2,-9,4,22,293,16,40
Kris Russell\russekr01,72,16,5,27,63,1471,185,93
Patrick Russell\russepa01,6,0,0,2,6,53,2,9
Bryan Rust\rustbr01,72,35,10,24,141,1145,59,119
Jan Rutta\ruttaja02,37,8,4,16,42,577,30,24
Bobby Ryan\ryanbo01,78,42,-29,35,160,1223,49,77
Derek Ryan\ryande01,81,38,21,24,103,1118,19,19
Joakim Ryan\ryanjo02,44,7,-1,15,35,562,39,43
Kerby Rychel\rycheke01,2,0,-1,0,1,18,1,3
Brandon Saad\saadbr01,80,47,-9,12,195,1415,25,52
Miikka Salomaki\salommi01,37,7,5,8,51,387,20,72
Zach Sanford\sanfoza01,60,20,8,21,77,755,37,48
Travis Sanheim\sanhetr01,82,35,-4,22,121,1604,133,45
Steven Santini\santist01,39,4,-6,16,41,650,43,80
Ashton Sautner\sautnas01,17,1,-2,2,21,247,17,25
David Savard\savarda01,82,24,19,36,124,1619,123,122
Luca Sbisa\sbisalu01,9,1,0,4,5,139,7,17
Marco Scandella\scandma01,63,13,-13,26,83,1109,75,53
Colton Sceviour\scevico01,59,15,-2,15,116,725,58,89
Tim Schaller\schalti01,47,10,-2,9,44,501,18,66
Mark Scheifele\scheima01,82,84,8,38,199,1793,54,54
Brayden Schenn\schenbr01,72,54,3,40,159,1338,31,111
Luke Schenn\schenlu01,26,2,-10,16,30,362,39,105
Nikita Scherbak\scherni01,8,1,-4,2,12,81,1,9
Cameron Schilling\schilca01,4,1,0,0,2,48,5,3
David Schlemko\schleda01,18,2,-1,4,29,357,45,29
Jordan Schmaltz\schmajo01,20,2,-7,2,11,230,22,10
Nick Schmaltz\schmani01,40,25,-12,8,62,713,12,5
Nate Schmidt\schmina01,61,30,22,8,112,1339,100,37
Jimmy Schuldt\schulja01,1,1,-1,0,1,21,1,0
Justin Schultz\schulju01,29,15,0,4,47,595,41,25
Jaden Schwartz\schwaja01,69,36,-6,16,183,1251,27,61
Brent Seabrook\seabrbr01,78,28,-6,41,165,1490,180,124
Lukas Sedlak\sedlalu01,47,6,-5,10,43,423,20,69
Nick Seeler\seeleni01,71,7,-4,64,67,876,116,78
Tyler Seguin\seguity01,82,80,17,18,334,1701,47,74
Andrej Sekera\sekeran01,24,4,3,6,28,396,21,17
Brett Seney\seneybr01,51,13,-14,31,49,527,15,48
Zachary Senyshyn\senysza01,2,1,0,0,4,23,0,1
Mikhail Sergachev\sergami01,75,32,12,28,128,1344,93,97
Damon Severson\severda01,82,39,-27,58,146,1808,87,83
Kevin Shattenkirk\shattke01,73,28,-15,20,148,1383,104,73
Andrew Shaw\shawan01,63,47,17,71,135,1003,36,128
Riley Sheahan\sheahri01,82,19,-9,17,110,1104,44,72
Conor Sheary\shearco01,78,34,-18,12,147,1140,29,29
Kiefer Sherwood\sherwki01,50,12,1,8,60,569,19,79
Kole Sherwood\sherwko01,2,0,0,0,2,18,1,10
Devin Shore\shorede01,76,29,-12,13,82,1084,64,94
Jonas Siegenthaler\siegejo01,26,4,6,10,12,368,44,31
Dylan Sikura\sikurdy01,33,8,2,0,52,372,10,3
Jakob Silfverberg\silfvja01,73,43,-9,28,163,1248,43,38
Radim Simek\simekra01,41,9,7,8,41,624,34,67
Wayne Simmonds\simmowa01,79,30,-16,99,157,1238,28,137
Dominik Simon\simondo01,71,28,8,18,121,946,19,89
Colton Sissons\sissoco01,75,30,20,23,110,1203,52,109
Jeff Skinner\skinnje01,82,63,0,36,268,1518,24,31
Brady Skjei\skjeibr01,78,25,-4,44,126,1656,119,178
Jaccob Slavin\slavija01,82,31,0,18,146,1889,133,70
Brendan Smith\smithbr05,63,13,-7,71,66,964,48,100
C.J. Smith\smithcj01,11,2,0,0,18,117,1,4
Craig Smith\smithcr01,76,38,11,20,205,1150,33,77
Gemel Smith\smithge02,17,3,-4,0,14,142,3,13
Reilly Smith\smithre01,74,53,13,14,178,1352,33,39
Zack Smith\smithza01,70,28,-6,81,101,1145,27,136
Devante Smith-Pelly\smithde06,54,8,-6,15,60,586,36,78
Vladimir Sobotka\sobotvl01,69,13,-20,26,71,979,30,87
Carl Soderberg\soderca01,82,49,-5,26,188,1431,67,99
Marcus Sorensen\sorenma01,80,30,10,23,100,1037,29,88
Nikita Soshnikov\soshnni01,5,0,-1,0,1,36,2,5
Jason Spezza\spezzja01,76,27,-13,29,121,1009,30,16
Ryan Spooner\spoonry01,52,9,-12,2,67,594,7,39
Daniel Sprong\spronda01,63,23,-16,10,125,753,14,35
Jared Spurgeon\spurgja01,82,43,-1,20,152,1980,145,91
Eric Staal\staaler01,81,52,-7,34,215,1468,28,41
Jordan Staal\staaljo01,50,28,6,26,121,914,18,122
Marc Staal\staalma01,79,13,-9,32,84,1534,119,94
Drew Stafford\staffdr01,57,13,-7,18,77,699,19,50
Steven Stamkos\stamkst01,82,98,4,37,234,1501,40,72
Paul Stastny\stastpa01,50,42,14,30,103,905,15,35
Troy Stecher\stechtr01,78,23,9,32,105,1554,96,91
Sam Steel\steelsa01,22,11,2,8,33,329,6,9
Alex Steen\steenal01,65,27,2,14,114,1030,50,55
Lee Stempniak\stemple01,2,0,-1,0,0,16,0,2
Kevin Stenlund\stenlke01,4,0,0,4,3,44,1,3
Derek Stepan\stepade01,72,35,-2,14,195,1384,51,50
Chandler Stephenson\stephch02,64,11,-13,0,36,775,33,38
Riley Stillman\stillri01,1,0,0,2,1,11,0,5
Mark Stone\stonema01,77,73,17,27,199,1531,71,72
Michael Stone\stonemi01,14,5,0,10,12,223,16,27
Anton Stralman\stralan01,47,17,12,8,57,965,71,59
Ben Street\streebe01,21,5,-4,2,19,253,9,19
Dylan Strome\stromdy01,78,57,-8,20,145,1260,46,13
Ryan Strome\stromry01,81,35,-3,64,110,1261,36,76
Nico Sturm\sturmni01,2,0,0,0,7,26,2,3
P.K. Subban\subbapk01,63,31,5,60,168,1428,75,56
Libor Sulak\sulakli01,6,0,-4,6,7,116,5,18
Oskar Sundqvist\sundqos01,74,31,-1,22,113,1023,31,101
Antti Suomela\suomean01,27,8,1,4,42,306,11,10
Andrej Sustr\sustran01,5,0,0,6,6,60,7,3
Ryan Suter\suterry01,82,47,-8,41,136,2189,109,78
Brandon Sutter\suttebr03,26,6,-12,6,43,454,13,33
Andrei Svechnikov\svechan01,82,37,0,62,189,1201,26,123
Brandon Tanev\tanevbr01,80,29,9,41,127,1129,81,278
Chris Tanev\tanevch01,55,12,3,18,51,1109,122,29
Eric Tangradi\tangrer01,6,1,-3,0,10,83,4,11
Vladimir Tarasenko\tarasvl01,76,68,8,22,275,1398,40,88
Tomas Tatar\tatarto01,80,58,21,34,195,1313,30,77
John Tavares\tavarjo01,82,88,19,34,286,1565,53,59
Matt Tennyson\tennyma01,4,0,-4,0,4,43,2,10
Teuvo Teravainen\teravte01,82,76,30,12,167,1469,23,35
Troy Terry\terrytr01,32,13,8,2,25,446,12,4
Josh Teves\tevesjo01,1,0,-1,2,0,14,1,4
Alexandre Texier\texieal01,2,1,3,0,6,26,1,2
Shea Theodore\theodsh01,79,37,-4,20,202,1588,91,27
Robert Thomas\thomaro01,70,33,-2,14,80,915,22,13
Nate Thompson\thompna01,78,13,-1,17,71,1014,44,87
Tage Thompson\thompta01,65,12,-22,20,108,788,9,66
Chris Thorburn\thorbch01,1,0,0,0,0,2,0,1
Joe Thornton\thornjo01,73,51,8,20,90,1135,14,17
Chris Tierney\tiernch01,81,48,-22,26,116,1379,54,30
Brady Tkachuk\tkachbr01,71,45,-10,75,214,1138,26,174
Matthew Tkachuk\tkachma01,80,77,14,62,207,1408,13,104
Devon Toews\toewsde01,48,18,7,4,81,859,30,24
Jonathan Toews\toewsjo01,82,81,2,40,235,1723,44,42
Tyler Toffoli\toffoty01,82,34,-16,23,226,1411,23,39
Eeli Tolvanen\tolvaee01,4,2,2,0,2,53,2,4
Dominic Toninato\tonindo01,2,1,0,0,1,13,1,0
Vincent Trocheck\trochvi01,55,34,-9,54,158,1081,42,112
Zach Trotman\trotmza01,13,1,4,4,16,198,18,20
Jacob Trouba\troubja01,82,50,8,58,162,1876,171,112
Alex Tuch\tuchal01,74,52,13,8,180,1238,40,92
Dominic Turgeon\turgedo01,4,0,-3,0,2,50,3,3
Kyle Turris\turriky01,55,23,-6,33,78,863,15,24
Urho Vaakanainen\vaakaur01,2,0,-1,0,2,18,0,0
Juuso Valimaki\valimju01,24,3,-2,12,28,372,43,21
James van Riemsdyk\vanrija01,66,48,-10,18,167,1096,16,34
Trevor van Riemsdyk\vanritr01,78,14,-4,10,102,1175,84,42
Thomas Vanek\vanekth01,64,36,-12,26,108,903,13,38
Phil Varone\varonph01,47,7,-2,8,34,372,19,23
Sami Vatanen\vatansa01,50,17,-17,22,107,1086,77,68
Frank Vatrano\vatrafr01,81,39,-10,38,208,1188,74,139
Max Veronneau\veronma01,12,4,-5,0,15,150,5,0
Kristian Vesalainen\vesalkr01,5,1,0,0,1,34,1,1
Jimmy Vesey\veseyji02,81,35,-6,21,154,1301,34,79
Jake Virtanen\virtaja01,70,25,-4,44,154,1037,37,154
Marc-Edouard Vlasic\vlasima01,72,25,-6,10,100,1515,114,23
Jakub Voracek\voracja01,78,66,-16,25,210,1456,29,17
Mikhail Vorobyev\vorobmi01,15,2,0,2,10,140,4,4
Jakub Vrana\vranaja01,82,47,20,27,161,1151,32,47
Austin Wagner\wagneau01,62,21,2,16,67,554,9,142
Chris Wagner\wagnech01,76,19,3,51,135,1022,38,247
Nathan Walker\walkena01,3,1,1,2,2,24,0,5
Sean Walker\walkese01,39,10,-8,8,55,602,40,43
Lucas Wallmark\wallmlu01,81,28,-8,36,131,1198,39,82
Austin Watson\watsoau01,37,16,11,39,64,536,28,109
Jordan Weal\wealjo01,63,21,-8,18,75,848,26,28
Shea Weber\webersh01,58,33,15,28,166,1362,110,129
Yannick Weber\weberya01,62,8,7,18,67,739,32,64
MacKenzie Weegar\weegama01,64,15,-3,64,79,1086,103,127
Dale Weise\weiseda01,51,11,-8,19,58,601,21,88
Andy Welinski\welinan01,26,4,-5,8,32,417,18,47
Alexander Wennberg\wennbal01,75,25,-1,12,64,1131,32,34
Zach Werenski\werenza01,82,44,-12,18,168,1878,89,67
Blake Wheeler\wheelbl01,82,91,0,60,231,1698,53,81
Colin White\whiteco02,71,41,-24,24,123,1150,35,23
Colton White\whiteco03,3,0,-2,2,1,43,2,2
Chris Wideman\widemch01,25,7,-12,18,27,326,26,35
Justin Williams\williju01,82,53,-4,44,237,1430,32,55
Colin Wilson\wilsoco01,65,27,-6,8,104,882,31,55
Garrett Wilson\wilsoga01,50,8,2,18,54,381,16,114
Scott Wilson\wilsosc01,15,3,-8,4,25,172,2,29
Tom Wilson\wilsoto01,63,40,11,128,130,1143,52,200
Luke Witkowski\witkolu01,34,2,-5,23,14,326,27,67
Christian Wolanin\wolanch01,30,12,3,6,36,520,31,11
Miles Wood\woodmi01,63,24,-10,91,159,863,27,97
Egor Yakovlev\yakoveg01,25,7,-6,6,24,392,22,12
Kailer Yamamoto\yamamka01,17,2,-6,2,13,222,11,18
Keith Yandle\yandlke01,82,62,-17,50,199,1840,76,47
Pavel Zacha\zachapa01,61,25,-6,15,99,981,24,68
Filip Zadina\zadinfi01,9,3,-5,0,18,138,3,6
Nikita Zadorov\zadorni01,70,14,19,75,100,1204,67,228
Nikita Zaitsev\zaitsni01,81,14,2,18,71,1658,151,139
Travis Zajac\zajactr01,80,46,-25,20,120,1542,38,66
Jakub Zboril\zborija01,2,0,0,0,1,22,0,3
Mika Zibanejad\zibanmi01,82,74,-12,47,236,1686,66,134
Mats Zuccarello\zuccama01,48,40,-8,24,104,953,43,57
Jason Zucker\zuckeja01,81,42,-9,28,214,1383,38,87
Valentin Zykov\zykovva01,28,5,-5,2,29,279,6,26
